<?xml version="1.0" encoding="UTF-8"?>
<!DOCTYPE mapper
	PUBLIC "-//mybatis.org//DTD Mapper 3.0//EN"
	"http://mybatis.org/dtd/mybatis-3-mapper.dtd">
<mapper namespace="com.peisia.mapper.GuestMapper">
	<!-- 페이징을 위한 전체 글 갯수 카운트 -->
	<select id="getCount" resultType="int">
		select count(*) from tbl_guest
	</select>
	<select id="getSearchCount" parameterType="String" resultType="int">
		select count(*) from tbl_guest where btext like concat('%',#{searchWord},'%')
	</select>
	<select id="getList" resultType="com.peisia.dto.GuestDto">
		select * from tbl_guest limit #{limitIndex} , 5
	</select>
	
	<select id="read" resultType="com.peisia.dto.GuestDto">
		select * from tbl_guest where bno= #{bno}
	</select>
	
	<delete id="del">
		delete from tbl_guest where bno= #{bno}
	</delete>
	
	<insert id="write">
		insert into tbl_guest (btext) values (#{btext})
	</insert>
	
	<update id="modify">
		update tbl_guest set btext = #{btext} where bno = #{bno}
	</update>
	
	<!-- 검색용 sql -->
	<select id="getSearchList" resultType="com.peisia.dto.GuestDto">
		select * from tbl_guest  where btext like concat('%',#{searchWord},'%') limit #{limitIndex} ,5
	</select>
	
</mapper>