<?xml version="1.0" encoding="UTF-8"?>
<!DOCTYPE mapper
	PUBLIC "-//mybatis.org//DTD Mapper 3.0//EN"
	"http://mybatis.org/dtd/mybatis-3-mapper.dtd">
<mapper	namespace="com.peisia.mapper.GuestMapper">
	<select id="getList" resultType="com.peisia.dto.GuestDto">
		select * from tbl_guest limit #{limitIndex} ,5
	</select>
	<select id="read" resultType="com.peisia.dto.GuestDto">
		select * from tbl_guest where bno = #{bno}
	</select>
	
	<delete id="del">
		delete from tbl_guest where bno= #{bno}
	</delete>
	
	<insert id="write">
		insert into tbl_guest (btext) values (#{btext})
	</insert>
	
	<update id="modify">
		update tbl_guest set btext = #{btext} where bno = #{bno}
	</update>
	
	<!-- 페이징 블럭 용  -->
	<!-- 총 게시물 카운트 -->
	<select id="getPostCount" resultType="int">
		select count(*) from tbl_guest
	</select>
	
	<!-- 검색된 단어가 포함된 게시물 카운트 -->
	<select id="getSearchPostCount" resultType="int">
		select count(*) from tbl_guest where btext like concat('%',#{searchWord},'%')
	</select>
	
	<!-- 검색된 단어가 포함된 게시물 전체 리스트  -->
	<select id="getSearchList" resultType="com.peisia.dto.GuestDto">
		select * from tbl_guest where btext like concat('%',#{searchWord},'%') limit #{limitIndex} ,5
	</select>
	
	
	<!-- 회원가입 -->
	<insert id="register">
		insert into tbl_guest_member (bid,bpw) values (#{bid},#{bpw})
	</insert>
	
	<!-- 로그인 -->
	<select id="login" resultType="String">
		select * from tbl_guest_member where bid = #{bid} and bpw = #{bpw}
	</select>
</mapper>